{
  "test_workers": {
    "enabled": true,
    "workers": 5
  },
  "slack_notification": false,
  "globals": {
    "launchUrl": "https://salesdesk-qa.int.mrcooper.com/hi/"
  },
  "selenium_port": 80,
  "selenium_host": "hub.crossbrowsertesting.com",
  "username": "Bavani.soma@mrcooper.com",
  "access_key": "uaaa0874fb81955b",
  "desiredCapabilities": {
    "build": "1.0",
    "name": "hi_qa_ipadair2_safari_cbt",
    "record_network": "true",
    "record_video": "true",
    "browserName": "Safari",
    "deviceName": "iPad Air 2 Simulator",
    "platformVersion": "9.3",
    "platformName": "iOS",
    "deviceOrientation": "portrait"
  },
  "end_session_on_fail": true,
  "detailed_output": true
}