{
  "test_workers": {
    "enabled": false,
    "workers": 5
  },
  "slack_notification": true,
  "globals": {
    "launchUrl": "https://salesdesk-qa.int.mrcooper.com/hi/"
  },
  "selenium_port": 80,
  "selenium_host": "hub.crossbrowsertesting.com",
  "username": "Bavani.soma@mrcooper.com",
  "access_key": "uaaa0874fb81955b",
  "desiredCapabilities": {
    "acceptSslCerts": "1",
    "browserName": "Internet Explorer",
    "version": "11",
    "build": "1.0",
    "javascriptEnabled": "1",
    "name": "hi_qa_win7_ie_cbt",
    "platform": "Windows 7 64-bit",
    "record_network": "true",
    "record_video": "true",
    "screen_resolution": "1280x1024"
  }
}
