{
  "test_workers": {
    "enabled": false,
    "workers": 5
  },
  "slack_notification": false,
  "globals": {
    "launchUrl": "https://salesdesk-qa.int.mrcooper.com/hi/"
  },
  "selenium_port": 80,
  "selenium_host": "hub.crossbrowsertesting.com",
  "username": "Bavani.soma@mrcooper.com",
  "access_key": "uaaa0874fb81955b",
  "desiredCapabilities": {
    "build": "1.0",
    "name": "hi_qa_mac_safari_cbt",
    "browserName": "Safari",
    "version": "11",
    "platform": "Mac OSX 10.13",
    "record_network": "true",
    "record_video": "true",
    "screen_resolution": "1920x1200",
    "safariOptions": {
      "technologyPreview": true
    }
  },
  "end_session_on_fail": true,
  "detailed_output": true
}