{
  "test_workers": {
    "enabled": false,
    "workers": 5
  },
  "slack_notification": false,
  "start_process": true,
  "selenium_port": 4444,
  "selenium_host": "localhost",
  "globals": {
    "launchUrl": "https://salesdesk-qa.int.mrcooper.com/hi/"
  },
  "desiredCapabilities": {
    "unexpectedAlertBehaviour": "accept",
    "browserName": "chrome",
    "chromeOptions": {
      "args": [
        "verbose",
        "start-fullscreen"
      ]
    }
  },
  "end_session_on_fail": true,
  "detailed_output": true,
  "acceptSslCerts": true
}