{
  "test_workers": {
    "enabled": true,
    "workers": 5
  },
  "slack_notification": true,
  "start_process": false,
  "selenium_port": 443,
  "selenium_host": "selenium.mrcooper.in",
  "use_ssl": true,
  "globals": {
    "launchUrl": "https://salesdesk-qa.int.mrcooper.com/hi/"
  },
  "desiredCapabilities": {
    "unexpectedAlertBehaviour": "accept",
    "browserName": "chrome",
    "chromeOptions": {
      "args": [
        "headless",
        "verbose",
        "window-size=1280,1480"
      ]
    }
  },
  "end_session_on_fail": true,
  "detailed_output": true
}