{
  "cucumberArgs": [
    "--require",
    "step_definitions",
    "--require",
    "hooks.js",
    "--format",
    "node_modules/cucumber-pretty",
    "--format",
    "json:./reports/cucumber.json",
    "features"
  ],
  "output_folder": "reports",
  "page_objects_path": "pages",
  "custom_commands_path": "custom_commands",
  "globals_path": "globals.js",
  "test_settings": {
    "default": {
      "launch_url": "https://salesdesk-qa.int.mrcooper.com/hi/",
      "start_process": false,
      "selenium_port": 4444,
      "selenium_host": "localhost",
      "silent": true,
      "screenshots": {
        "enabled": true,
        "path": "reports/screenshots",
        "on_failure": true,
        "on_error": true
      },
      "end_session_on_fail": true,
      "detailed_output": true
    }
  },
  "live_output": true
}
