{
  "singleBorrower": {
    "loanNumber": "640974820",
    "leadId": "7320078",
    "borrowerDetails": {
      "firstBorrower": {
        "firstName": "JOHN",
        "lastName": "DINIRO",
        "fullName": "JOHN DINIRO",
        "customerId": "106637704",
        "ssn": "XXX-XX-9999",
        "last4DigitSsn": "9999"
      }
    }
  },
  "dualBorrower": {
    "loanNumber": "640021705",
    "leadId": "7524418",
    "borrowerDetails": {
      "firstBorrower": {
        "firstName": "JOHN",
        "lastName": "O'MALLEY",
        "fullName": "JOHN O'MALLEY",
        "customerId": "106579649",
        "ssn": "XXX-XX-9999",
        "last4DigitSsn": "9999"
      },
      "secondBorrower": {
        "firstName": "WENDY",
        "lastName": "O'MALLEY",
        "fullName": "WENDY O'MALLEY",
        "customerId": "106573201",
        "ssn": "XXX-XX-9999",
        "last4DigitSsn": "9999"
      }
    }
  }
}
