{
  "singleBorrower": {
    "loanNumber": "640974820",
    "leadId": "7320078",
    "userName": "",
    "password": "Oktapwd1!",
    "customerId": "100525353",
    "ssn": "570312628",
    "last4DigitSsn": "2628",
    "postalZipCode": "90505",
    "routingNumber": "081904808",
    "email": "mrcautomation@mrcooper.com"
  },
  "dualBorrower": {
    "loanNumber": "640021705",
    "leadId": "7524418",
    "userName": "",
    "password": "Oktapwd1!",
    "customerId": "100525353",
    "ssn": "570312628",
    "last4DigitSsn": "2628",
    "postalZipCode": "90505",
    "routingNumber": "081904808",
    "email": "mrcautomation@mrcooper.com"
  }
}
